,a,da/dt,e,de/dt,w,dw/dt,i,di/dt,O,dO/dt,M,dM/dt
Mercury,0.38709843,0.0,0.20563661,2.123e-05,0.5082067301894632,0.004913834009985249,0.12227068694301324,-0.00010300200206984695,0.843685496572442,-0.0021317769133782603,3.050729910221212,2608.7875361215915
Venus,0.72332102,-2.6e-07,0.00676399,-5.107e-05,0.9615881420623695,0.005751526950161428,0.059302368845931965,7.591135048624136e-06,1.3381895771658605,-0.004760241370618319,0.8763673659162813,1021.3275620547001
E-M Barycentre,1.00000018,-3e-08,0.01673163,-3.661e-05,1.8857001974347982,0.009759726890046413,-9.485166352888382e-06,-0.00023338158785232734,-0.08923177123076999,-0.0042104071547698916,-0.04298995756637858,628.3020392884322
Mars,1.52371243,9.7e-07,0.09336511,9.149e-05,-1.2850974069248493,0.012579644890518141,0.03232033329046819,-0.00012649395926876542,0.8676591934428434,-0.004686633331145934,0.3377092756994776,334.0533503311497
Jupiter,5.20248019,-2.864e-05,0.0485359,0.00018026,-1.5012951186109542,0.0009031340604797045,0.022665092805020447,-5.632160042893181e-05,1.7504400392545523,0.0022732248536781133,0.35011023936623026,52.96588599369842
Saturn,9.54149883,-3.065e-05,0.05550825,-0.00032044,-0.3626554445472836,0.01382204425404799,0.04353271813730174,7.88834716694625e-05,1.9833919354226193,-0.004365941472929665,-0.7467504186801536,21.32047356439367
Uranus,19.18797948,-0.00020455,0.0468574,-1.55e-05,1.7186526319537383,0.0006156275435950053,0.01349106821774727,-3.1442979139303844e-05,1.290889185530885,0.00100176645623426,2.4743309724519937,7.477033382575466
Neptune,30.06952752,6.447e-05,0.00895439,8.18e-06,-1.485358468167242,0.00028208709502433154,0.030893291182046735,3.9095375244672985e-06,2.300105865562214,-0.0001058196616142666,4.494943743128509,3.8127599557332186
